#	$OpenBSD: airport,v 1.18 2009/08/23 19:54:06 jasper Exp $
#	@(#)airport	8.1 (Berkeley) 6/8/93
# 
# Some of this information from the Airport Search Engine at
# http://www.uni-karlsruhe.de/~un9v/atm/ase.html, more are
# available at http://www.mapping.com/airportcodes.html
#
# Airport Code : Airport
AAE:Les Salines, Annaba, Algeria
AAL:Aalborg, Denmark
AAR:Tirstrup, Aarhus, Denmark
ABE:Allentown-Bethlehem-Easton International, Pennsylvania, USA
ABI:Municipal, Abilene, TX, USA
ABJ:Port Bouet, Abidjan, Cote D'ivoire
ABL:Ambler, AK, USA
ABM:Bamaga, Queensland, Australia
ABQ:Albuquerque International, New Mexico, USA
ABR:Aberdeen Regional, SD, USA
ABS:Abu Simbel, Egypt
ABX:Albury, New South Wales, Australia
ABY:Dougherty County, Albany, GA, USA
ABZ:Dyce, Aberdeen, Scotland, United Kingdom
ACA:Alvarez International, Acapulco, Guerrero, Mexico
ACC:Kotoka, Accra, Ghana
ACE:Lanzarote, Lanzarote, Canary Islands, Spain
ACI:The Blaye, Alderney, Channel Islands, United Kingdom
ACK:Nantucket, MA, USA
ACT:Madison Cooper, Waco, TX, USA
ACV:Arcata/Eureka, California, USA
ACY:Atlantic City International, Atlantic City /Atlantic Cty, NJ, USA
ADA:Adana, Turkey
ADB:Adnam Menderes, Izmir, Turkey
ADD:Bole, Addis Ababa, Ethiopia
ADJ:Civil, Amman, Jordan
ADL:Adelaide, Adelaide, South Australia, Australia
ADQ:Kodiak, AK, USA
ADZ:San Andres Island, Colombia
AEP:Jorge Newberry, Buenos Aires, Buenos Aires, Argentina
AES:Vigra, Aalesund, Norway
AET:Allakaket, AK, USA
AEX:Alexandria International, LA, USA
AEY:Akureyri, Iceland
AGA:Inezgane, Agadir, Morocco
AGB:Muehlhausen, Augsburg, Germany
AGC:Pittsburgh/Allegheny County, Pennsylvania, USA
AGF:La Garenne, Agen, France
AGH:Angelholm/Helsingborg, Scania, Sweden
AGP:Malaga, Spain
AGR:Kheria, Agra, India
AGS:Bush Field, Augusta, GA, USA
AGU:Aguascalientes, Aguascalientes, Mexico
AHN:Athens, GA, USA
AHO:Fertilia, Alghero, Sardinia, Italy
AIA:Alliance, NE, USA
AIN:Wainwright, AK, USA
AIY:Atlantic City International, New Jersey, USA
AJA:Campo Dell Oro, Ajaccio, Corsica, France
AJN:Anjouan, Comoros
AJR:Arvidsjaur, Sweden
AJU:Aracaju, Sergipe, Brazil
AKJ:Asahikawa, Asahikawa, Japan
AKL:Auckland, New Zealand
ALA:Almaty, Kazakhstan
ALB:Albany, New York, USA
ALC:Alicante, Spain
ALE:Alpine Texas, Alpine, TX, USA
ALF:Elvebakken, Alta, Norway
ALG:Houari Boumedienne, Algiers, Algeria
ALM:Alamogordo, NM, USA
ALO:Waterloo Municipal, IA, USA
ALP:Nejrab, Aleppo, Syria
ALS:Bergman Field, Alamosa, CO, USA
ALW:Walla Walla, WA, USA
ALY:Alexandria, Alexandria, Egypt
AMA:Amarillo International, TX, USA
AMD:Ahmedabad, India
AMI:Selaparang, Mataram, Indonesia
AMM:Queen Alia International, Amman, Jordan
AMQ:Pattimura, Ambon, Indonesia
AMS:Schiphol, Amsterdam, Netherlands
ANB:Municipal, Anniston, AL, USA
ANC:Anchorage International, Alaska, USA
ANF:Cerro Moreno, Antofagasta, Chile
ANI:Aniak, AK, USA
ANK:Ankara, Turkey
ANR:Deurne, Antwerp, Belgium
ANU:Vc Bird International, Saint Johns / Antigua, Antigua And Barbuda
ANV:Anvik, AK, USA
AOI:Falconara, Ancona, Italy
AOJ:Aomori, Japan
AOK:Karpathos, Karpathos, Greece
AOO:Blair County, Altoona / Martinsburg, PA, USA
AOR:Sultan Abdul Halim, Alor Setar, Malaysia
APF:Naples, FL, USA
APL:NampulaMozambique
APN:Alpena Regional, MI, USA
APW:Faleolo, Apia, Samoa
AQJ:Aqaba, Jordan
AQP:Rodriguez Ballon, Arequipa, Peru
ARH:Arkhangelsk, Arkhangelsk, Russia
ARI:Chacalluta, Arica, Chile
ARM:Armidale, Armidale, New South Wales, Australia
ARN:Arlanda, Stockholm, Sweden
ART:Watertown, Watertown, NY, USA
ASD:Andros Town, Bahamas
ASE:Pitkin County Sardy Field, Aspen, CO, USA
ASM:Asmara Intl/Yohannes Iv, Asmara, Eritrea
ASP:Alice Springs, Alice Springs, Northern Territory, Australia
ASU:Silvio Pettirossi, Asuncion, Paraguay
ASW:Daraw, Aswan, Egypt
ATC:Arthurs Town, Bahamas
ATH:Hellinikon, Athens, Greece
ATL:Atlanta William B. Hartsfield International, Georgia, USA
ATW:Outagamie County, Appleton, WI, USA
ATY:Watertown, SD, USA
AUA:Reina Beatrix, Aruba, Aruba
AUC:Arauca, Colombia
AUG:Maine State, Augusta, ME, USA
AUH:Abu Dhabi International, Abu Dhabi, United Arab Emirates
AUS:Austin-Bergstrom International, Texas, USA
AVL:Asheville Regional, North Carolina, USA
AVN:Caumont, Avignon, France
AVP:Wilkes-Barre/Scranton International Airport, Pennsylvania, USA
AVV:Avalon Airport, Victoria, Australia
AXA:Anguilla
AXD:Alexandroupolis, Alexandroupolis, Greece
AYQ:Connellan, Ayers Rock, Northern Territory, Australia
AYT:Antalya, Antalya, Turkey
AZO:Kalamazoo/Battle Creek Intl, Kalamazoo, MI, USA
BAH:Bahrain International Bahrain, Bahrain, Bahrain
BAK:Baku, Baku, Azerbaijan
BAL:Nearest Air Service Through Diyarbakir, Batman, Turkey
BAQ:E Cortissoz, Barranquilla, Colombia
BAR:Baker Island, Baker & Howland Islands
BAX:Barnaul, Russia
BBI:Bhubaneswar, Bhubaneswar, India
BBK:Kasane, Kasane, Botswana
BBU:Baneasa, Bucharest, Romania
BCD:Bacolod, Philippines
BCN:Barcelona, Spain
BDA:Bermuda, BM
BDA:Kindley Airfield/Civil Air Terminal, Bermuda/Hamilton, Bermuda
BDJ:Syamsudin Noor, Banjarmasin, Indonesia
BDL:Hartford/Springfield Bradley International, Connecticut, USA
BDO:Husein Sastranegara, Bandung, Indonesia
BDQ:Vadodara, Vadodara, India
BDR:Sikorsky Memorial, Bridgeport, CT, USA
BED:Bedford, MA, USA
BEH:Ross Field, Benton Harbor, MI, USA
BEI:Beica, Ethiopia
BEL:Val De Cans, Belem, Para, Brazil
BEO:Belmont, Newcastle, New South Wales, Australia
BER:Schoenefeld, Berlin, Germany
BES:Guipavas, Brest, France
BET:Bethel, AK, USA
BEW:Beira, Mozambique
BEY:Beirut International, Lebanon
BFD:Bradford Regional, PA, USA
BFF:William B Heiling Field, Scottsbluff, NE, USA
BFI:Seattle Kings County International/Boeing Field, Washington, USA
BFL:Meadows Field, Bakersfield, CA, USA
BFN:Jbm Hertzog, Bloemfontein, South Africa
BFS:Belfast International, Belfast, Northern Ireland, United Kingdom
BGA:Palo Negro, Bucaramanga, Colombia
BGF:Bangui, Central African Republic
BGI:Grantley Adams International, Bridgetown, Barbados
BGK:Big Creek, Belize
BGM:Edwin Alink Field, Binghamton/Endicott/Johnson City, NY, USA
BGO:Flesland, Bergen, Norway
BGR:Bangor International, Maine, USA
BGT:All Airports around Baghdad, Iraq
BGY:Orio Al Serio, Milan, Italy
BHB:Bar Harbor, ME, USA
BHD:Belfast Harbor, Belfast, Northern Ireland, United Kingdom
BHI:Commandante, Bahia Blanca, Buenos Aires, Argentina
BHK:Bukhara, Uzbekistan
BHM:Seibels/Bryan, Birmingham, AL, USA
BHQ:Broken Hill, Broken Hill, New South Wales, Australia
BHS:Raglan, Bathurst, New South Wales, Australia
BHX:Birmingham, United Kingdom
BHZ:All Airports around Belo Horizonte, MG, Brazil
BIA:Poretta, Bastia, Corsica, France
BIK:Mokmer, Biak, Indonesia
BIL:Billings Logan International, Montana, USA
BIM:Bimini Island International, Bimini, Bahamas
BIO:Sondica, Bilbao, Spain
BIQ:Parme, Biarritz, France
BIS:Bismarck Municipal, North Dakota, USA
BJI:Bemidji Municipal, MN, USA
BJL:Yundum International, Banjul, Gambia
BJX:Del Bajio, Leon/Guanajuato, Guanajuato, Mexico
BKI:Kota Kinabalu, Kota Kinabalu, Sabah, Malaysia
BKK:Suvarnabhumi Airport, Bangkok, Thailand
BKL:Cleveland Lakefront, Ohio, USA
BKO:Senou, Bamako, Mali
BKW:Beckley, WV, USA
BKX:Brookings Municipal, SD, USA
BLA:Gral Jose Antonio Anzoategui, Barcelona, Venezuela
BLE:Borlange, Dalecarlia, Sweden
BLF:Bluefield, WV, USA
BLI:Bellingham International, WA, USA
BLK:Blackpool, England, United Kingdom
BLL:Billund, Denmark
BLQ:Guglielmo Marconi, Bologna, Italy
BLR:Hindustan, Bangalore, India
BLZ:Chileka, Blantyre, Malawi
BMA:Stockholm-Bromma, Uppland, Sweden
BMG:Monroe County, Bloomington, IN, USA
BMI:Normal, Bloomington, IL, USA
BNA:Nashville Metro, Tennessee, USA
BNE:Brisbane International, Queensland, Australia
BNJ:Train Main Railroad Station, Bonn, Germany
BNN:Bronnoy, Bronnoysund, Norway
BNS:Barinas, Venezuela
BOD:Merignac, Bordeaux, France
BOG:Eldorado, Bogota, Colombia
BOI:Boise Air Terminal/Gowen Field, Idaho, USA
BOJ:Burgas, Bulgaria
BOM:Bombay, India
BON:Flamingo Field, Bonaire, Netherlands Antilles
BOO:Bodo, Norway
BOS:Boston Logan International, Massachusetts, USA
BOS:Logan International, Boston, MA, USA
BPS:Porto Seguro, Bahia, Brazil
BPT:Jefferson County, Beaumont, Texas, USA
BQB:Belbek, Simferopol, Ukraine
BQK:Glynco Jetport, Brunswick, GA, USA
BQN:Aguadilla, PR, USA
BRC:International, San Carlos De Bariloche, Rio Negro, Argentina
BRD:Brainerd, MN, USA
BRE:Bremen, Germany
BRI:Bari, Italy
BRL:Burlington Municipal, IA, USA
BRM:Barquisimeto, Barquisimeto, Venezuela
BRN:Belp, Berne, Switzerland
BRO:South Padre Island Intl, Brownsville, TX, USA
BRQ:Turany, Brno, Czech Republic
BRR:North Bay, Barra / Hebrides Islands, Scotland, United Kingdom
BRS:Bristol, Bristol, England, United Kingdom
BRT:Bathurst Island, Northern Territory, Australia
BRU:National, Brussels, Belgium
BRW:Barrow, AK, USA
BSB:International, Brasilia, Distrito Federal, Brazil
BSD:Baoshan, China
BSK:Biskra, Algeria
BSL:Basel/Mulhouse Euroairport, Switzerland
BTM:Butte, MT, USA
BTR:Baton Rouge, Louisiana, USA
BTS:Ivanka, Bratislava, Slovakia
BTU:Bintulu, Sarawak, Malaysia
BTV:Burlington International, Vermont, USA
BUD:Ferihegy, Budapest, Hungary
BUE:All Airports around Buenos Aires, Argentina
BUF:Buffalo International, New York, USA
BUH:All Airports around Bucharest, Romania
BUQ:Bulawayo, Bulawayo, Zimbabwe
BUR:Burbank/Glendale/Pasadena, California, USA
BUZ:Bushehr, Bushehr, Iran
BVB:Boa Vista, Roraima, Brazil
BVI:Birdsville, Birdsville, Queensland, Australia
BWA:Bhairawa, Bhairawa, Nepal
BWI:Baltimore-Washington International, Maryland, USA
BWN:Brunei International, Bandar Seri Begawan, Brunei Darussalam
BWU:Bankstown, New South Wales, Australia
BXN:Imsik, Bodrum, Turkey
BXU:Butuan, Butuan, Philippines
BYU:Bindlacher Berg, Bayreuth, Germany
BZE:Belize International, Belize City, Belize
BZN:Gallatin Field, Bozeman, MT, USA
CAE:Columbia Metropolitan, South Carolina, USA
CAG:Elmas, Cagliari, Sardinia, Italy
CAI:International, Cairo, Egypt
CAJ:Canaima, Venezuela
CAK:Akron/Canton Regional, Ohio, USA
CAN:Baiyun, Guangzhou, China
CAS:Anfa, Casablanca, Morocco
CAY:Rochambeau, Cayenne, French Guiana
CBB:San Jose De La Banda, Cochabamba, Bolivia
CBE:Municipal, Cumberland, MD, USA
CBG:Cambridge, England, United Kingdom
CBL:Ciudad Bolivar, Venezuela
CBR:Canberra, Canberra, Australian Capital Territory, Australia
CCF:Salvaza, Carcassonne, France
CCJ:Calicut, India
CCP:Carriel Sur, Concepcion, Chile
CCS:Simon Bolivar International, Caracas, Venezuela
CCU:Calcutta, Calcutta, India
CDC:Cedar City, UT, USA
CDG:Charles de Gaulle, Paris, France
CDH:Camden, AR, USA
CDR:Chadron, NE, USA
CDV:Cordova, AK, USA
CEB:Cebu International, Philippines
CEC:Crescent City Municipal, CA, USA
CEI:Chiang Rai, Thailand
CEN:Ciudad Obregon, Sonora, Mexico
CER:Maupertus, Cherbourg, France
CEZ:Montezuma County, Cortez, CO, USA
CFR:Carpiquet, Caen, France
CFU:Kerkyra, Greece
CGA:Craig, AK, USA
CGB:Cuiaba, Mato Grosso, Brazil
CGD:Changde, China
CGH:Congonhas, Sao Paulo, Sao Paulo, Brazil
CGI:Cape Girardeau, MO, USA
CGK:Soekarno Hatta International, Jakarta, Indonesia
CGN:Konrad Adenauer, Koln/Bonn, Germany
CGO:Zhengzhou, China
CGP:Patenga, Chittagong, Bangladesh
CGQ:Changchun, China
CGR:Campo Grande, Mato Grosso Do Sul, Brazil
CGX:Chicago Merrill C. Meigs Field, Chicago, Illinois, USA
CHA:Cha Lovell Field, Chattanooga, TN, USA
CHC:Christchurch International, New Zealand
CHI:All Airports around Chicago, Illinois, USA
CHO:Charlottesville/Albemarle, VA, USA
CHQ:Souda, Chania, Crete Island, Greece
CHS:Charleston International, South Carolina, USA
CIA:Ciampino, Rome, Italy
CIC:Chico Municipal Air Terminal, Chico, CA, USA
CID:Cedar Rapids/Iowa City, Iowa, USA
CIU:Chippewa County International, Sault Ste Marie, MI, USA
CIX:Cornel Ruiz, Chiclayo, Peru
CJB:Peelamedu, Coimbatore, India
CJS:International Abraham Gonzalez, Ciudad Juarez, Chihuahua, Mexico
CJU:Cheju, Cheju, South Korea
CKS:International / Brasilia Brazil, Carajas, Para, Brazil
CKY:Conakry, Conakry, Guinea
CLD:Carlsbad/Palomar, CA, USA
CLE:Cleveland-Hopkins International, Ohio, USA
CLJ:Cluj, Cluj, Romania
CLL:College Station, TX, USA
CLM:Wm Fairchild Internatinal, Port Angeles, WA, USA
CLO:Alfonso Bonilla Aragon, Cali, Colombia
CLQ:Colima, Colima, Mexico
CLT:Charlotte/Douglas International, North Carolina, USA
CLY:Ste Catherine, Calvi, Corsica, France
CMB:Katunayake International, Colombo, Sri Lanka
CME:Ciudad Del Carmen, Campeche, Mexico
CMG:Corumba, Mato Grosso Do Sul, Brazil
CMH:Columbus International, Ohio, USA
CMI:University of Illinois-Willard, Illinois, USA
CMN:Mohamed V, Casablanca, Morocco
CMX:Houghton County / Memorial, Hancock, MI, USA
CND:Kogalniceanu, Constanta, Romania
CNF:Aeropuerto Internacional Tancredo Neves, Belo Horizonte, Minas Gerais, Brazil
CNM:Carlsbad, NM, USA
CNS:Cairns, Queensland, Australia
CNX:Chiang Mai International, Thailand
CNY:Moab, UT, USA
COK:Cochin Naval Air Station, India
COO:Cotonou, Benin
COR:Pajas Blancas, Cordoba, Cordoba, Argentina
COS:Peterson, Colorado Springs, USA
COU:Columbia Regional, Columbia, MO, USA
CPC:San Martin De Los Andes, Neuquen, Argentina
CPH:Copenhagen, Denmark
CPQ:Campinas International, Sao Paulo, Brazil
CPR:Casper/Natrone County International, Wyoming, USA
CPT:D F Malan, Cape Town, South Africa
CRD:Comodoro Rivadavia, Chubut, Argentina
CRI:Crooked Island, Bahamas
CRM:Charleston (WV) Yeager, South Carolina, USA
CRP:Corpus Christi International, Texas, USA
CRU:Carriacou Island, Grenada
CRW:Yeager, Charleston, WV, USA
CSG:Columbus Metropolitan / Fort Benning, Columbus, GA, USA
CSX:Changsha, China
CTA:Fontanarossa, Catania, Sicily, Italy
CTG:Rafael Nunez, Cartagena, Colombia
CTL:Charleville, Charleville, Queensland, Australia
CTS:Chitose, Sapporo, Japan
CTU:Chengdu, China
CUC:Camilo Daza, Cucuta, Colombia
CUE:Mariscal La Mar, Cuenca, Ecuador
CUL:Culiacan, Sinaloa, Mexico
CUM:Cumana, Venezuela
CUN:Cancun, Mexico
CUP:Carupano, Venezuela
CUR:Areopuerto Hato, Willemstad / Curacao Island, Netherlands Antilles
CUU:Genvillalobos, Chihuahua, Chihuahua, Mexico
CUZ:Tte Velazco Astete, Cuzco, Peru
CVG:Cincinnati International, Ohio, USA
CVN:Clovis, NM, USA
CWA:Central Wisconsin, Wausau, WI, USA
CWB:Afonso Pena, Curitiba, Parana, Brazil
CWC:Chernovtsy, Ukraine
CWT:Cowra, Cowra, New South Wales, Australia
CXH:Vancouver Harbour, British Columbia, Canada
CYB:Cayman Brac Island, Cayman Islands
CYR:Colonia, Uruguay
CYS:Cheyenne, Wyoming, USA
CZM:Aeropuerto Intl De Cozumel, Cozumel, Quintana Roo, Mexico
DAB:Daytona Beach, FL, USA
DAC:Zia International, Dhaka, Bangladesh
DAD:Da Nang, Da Nang, Vietnam
DAL:Dallas Love Field, Texas, USA
DAM:Damascus Intl, Damascus, Syria
DAN:Danville, VA, USA
DAR:Dar Es Salaam International, Tanzania
DAY:Dayton James M. Cox International, Ohio, USA
DBO:Dubbo, Dubbo, New South Wales, Australia
DBQ:Dubuque, IA, USA
DBV:Hrvatska, Dubrovnik, Croatia
DCA:Washington National, District of Columbia, USA
DCF:Cane Field, Dominica, Dominica
DDC:Dodge City Municipal, Dodge City, KS, USA
DEC:Decatur, IL, USA
DEL:Delhi, India
DEM:Dembidollo, Dembidollo, Ethiopia
DEN:Denver International, Colorado, USA
DET:Detroit City, Michigan, USA
DFW:Dallas-Ft. Worth International, Texas, USA
DGA:Dangriga, Belize
DGO:Gen Guadalupe Victoria, Durango, Durango, Mexico
DHA:Dhahran Intl, Dhahran, Saudi Arabia
DHN:Dothan Municipal, AL, USA
DIB:Chabua, Dibrugarh, India
DIJ:Longvic, Dijon, France
DIL:Comoro, Dili, Indonesia
DIY:Diyarbakir, Turkey
DKR:Yoff, Dakar, Senegal
DLA:Douala, Douala, Cameroon
DLC:Dalian, China
DLH:Duluth, MN, USA
DLM:Dalaman, Mugla, Turkey
DME:Domodedovo, Moscow, Russia
DMK:Don Mueang International Airport, Bangkok, Thailand
DMR:Dhamar, Yemen
DND:Dundee, Scotland, United Kingdom
DNK:Dnepropetrovsk, Ukraine
DNM:Denham, Western Australia, Australia
DNV:Vermilion County, Danville, IL, USA
DOH:Doha, Qatar
DOK:Donetsk, Ukraine
DOL:Saint Gatien, Deauville, France
DPL:Dipolog, Dipolog, Philippines
DPO:Devonport, Tasmania, Australia
DPS:Ngurah Rai, Denpasar Bali, Indonesia
DRM:Drama, Greece
DRO:Durango La Plata County, CO, USA
DRS:Dresden, Germany
DRT:Del Rio, TX, USA
DRW:Darwin, Northern Territory, Australia
DSI:Destin, FL, USA
DSM:Des Moines International, Iowa, USA
DTM:Wickede, Dortmund, Germany
DTT:All Airports around Detroit, Michigan, USA
DTW:Detroit Metropolitan/Wayne County, Michigan, USA
DUB:Dublin, Ireland
DUD:Momona, Dunedin, New Zealand
DUJ:Jefferson County, Du Bois, PA, USA
DUQ:Quamichan Lake, Duncan / Quam, British Columbia, Canada
DUR:Louis Botha, Durban, South Africa
DUS:Dusseldorf, Germany
DUT:Dutch Harbor, AK, USA
DVO:Mati, Davao, Philippines
DXB:Dubai, UAE
EAP:Euro Basel Mulhouse Freiburg, Switzerland/France/Germany
EAR:Kearney Municipal, NE, USA
EAS:Fuenterrabia, San Sebastian, Spain
EAT:Pangborn Memorial Field, Wenatchee, WA, USA
EAU:Eau Claire Municipal, WI, USA
EBA:Marina Di Campo, Elba Island, Italy
EBB:Entebbe/Kampala, Uganda
EBJ:Esbjerg, Denmark
EDI:Turnhouse, Edinburgh, Scotland, United Kingdom
EDR:Edward River, Queensland, Australia
EEN:Dillant Hopkins, Keene / Brattleboro, NH, USA
EFD:Ellington Field, Houston, TX, USA
EGE:Eagle County Regional, Vail/Eagle, CO, USA
EIN:Welschap, Eindhoven, Netherlands
EIS:Tortola/Beef Island, Virgin Islands (British)
EJA:Variguies, Barrancabermeja, Colombia
EKO:J C Harris Field, Elko, NV, USA
ELD:El Dorado, AR, USA
ELH:North Eleuthera, Bahamas
ELM:Elmira Corning Regional, NY, USA
ELP:El Paso International, Texas, USA
ELS:Ben Shoeman, East London, South Africa
ELY:Yelland Field, Ely, NV, USA
EMA:East Midlands, England, United Kingdom
EMD:Emerald, Queensland, Australia
ENA:Kenai Municipal, AK, USA
ENS:Twente, Enschede, Netherlands
EOH:Enrique Olaya Herrara, Medellin, Colombia
EPR:Esperance, Western Australia, Australia
ERF:Erfurt, Germany
ERI:Erie International, PA, USA
ERS:Eros, Windhoek, Namibia
ERZ:Erzurum, Turkey
ESB:Esenboga, Ankara, Turkey
ESC:Delta County, Escanaba, MI, USA
ESD:Eastsound/Orcas Island, WA, USA
ESR:El Salvador, Chile
ETH:Elat, Israel
ETZ:Frescaty, Metz/Nancy, France
EUG:Eugene, OR, USA
EVE:Evenes, Norway
EVG:Sveg, Sweden
EVN:Zvartnots, Yerevan, Armenia
EVV:Evansville, IN, USA
EWB:New Bedford/Fall River, MA, USA
EWR:Newark International, New Jersey, USA
EXT:Exeter, England, United Kingdom
EYW:Key West International, Florida, USA
EZE:Buenos Aires, Argentina
FAE:Faroe Islands, Faroe Islands
FAI:Fairbanks International, Alaska, USA
FAO:Faro, Portugal
FAR:Fargo Hector International, North Dakota, USA
FAT:Fresno Air Terminal, California, USA
FAY:Fayetteville Municipal, NC, USA
FBU:Fornebu, Oslo, Norway
FCA:Glacier Park International, Kalispell, MT, USA
FCO:Leonardo Da Vinci/Fiumicino, Rome, Italy
FDE:Forde, Norway
FDF:Fort De France, Martinique
FDH:Friedrichshafen, Germany
FEZ:Fez, Morocco
FFM:Fergus Falls, MN, USA
FHU:Fort Huachuca/Sierra Vista, AZ, USA
FIH:Kinshasa, Zaire
FKL:Chess Lamberton, Franklin, PA, USA
FLG:Flagstaff, AZ, USA
FLL:Ft. Lauderdale-Hollywood International, Florida, USA
FLN:Florianopolis, Santa Catarina, Brazil
FLO:Gilbert Field, Florence, SC, USA
FLR:Florence, Italy
FMA:Formosa, Argentina
FMN:Four Corners Regional, Farmington, NM, USA
FMO:Muenster, Germany
FNC:Funchal, Madeira Islands, Portugal
FNL:Fort Collins/Loveland, CO, USA
FNT:Bishop International, Flint, MI, USA
FOD:Fort Dodge, IA, USA
FOE:Topeka Forbes Field, Kansas, USA
FOO:Numfoor, Indonesia
FOR:Fortaleza, Ceara, Brazil
FPO:Freeport, Bahamas
FRA:Frankfurt, Germany
FRD:Friday Harbor, WA, USA
FRM:Fairmont Municipal, MN, USA
FRO:Floro, Norway
FRS:Flores, Guatemala
FRU:Bishkek, Kyrgyzstan
FSD:Joe Foss Field, Sioux Falls, South Dakota, USA
FSM:Fort Smith Municipal, AR, USA
FSP:St Pierre, St. Pierre And Miquelon
FUE:Fuerteventura/Puerto Del Rosario, Canary Islands/Fuerteventura Island, Spain
FUK:Itazuke, Fukuoka, Japan
FWA:Baer Field, Fort Wayne, Indiana, USA
FYV:Fayetteville Municipal, AR, USA
GAJ:Junmachi, Yamagata, Japan
GAL:Galena, AK, USA
GAU:Borjhar, Gauhati, India
GBE:Gaborone, Botswana
GBG:Galesburg, IL, USA
GCC:Campbell County, Gillette, WY, USA
GCI:Guernsey, Channel Islands, United Kingdom
GCK:Garden City, KS, USA
GCM:Owen Roberts International, Grand Cayman Island, Cayman Islands
GCN:Grand Canyon, AZ, USA
GDL:Miguel Hidalgo Intl, Guadalajara, Jalisco, Mexico
GDN:Rebiechowo, Gdansk, Poland
GDT:Grand Turk Is, Turks And Caicos Islands
GDV:Glendive, MT, USA
GDX:Magadan, Russia
GEG:Spokane Geiger Field International, Washington, USA
GEN:Garderm O E N, Oslo, Norway
GEO:Timehri, Georgetown, Guyana
GET:Geraldton, Western Australia, Australia
GEV:Gallivare, Sweden
GEX:Geelong, Victoria, Australia
GFK:Grand Forks, ND, USA
GGG:Gregg County, Longview/Gladewater/Kilgore, TX, USA
GGT:Exuma International, George Town, Bahamas
GGW:Glasgow, MT, USA
GHB:Governors Harbour, Bahamas
GIB:Gibraltar
GIG:Rio De Janeiro, Brazil
GJT:Walker Field, Grand Junction, CO, USA
GKA:Goroka, Papua New Guinea
GLA:Glasgow International, Scotland
GLD:Renner Field, Goodland, KS, USA
GLF:Golfito, Costa Rica
GLS:Scholes Field, Galveston, TX, USA
GLV:Golovin, AK, USA
GNB:St Geoirs, Grenoble, France
GND:Pt Saline, St Georges/Grenada, Grenada
GNV:Jr Alison Municipal, Gainesville, FL, USA
GOA:Christoforo Colombo, Genoa, Italy
GOH:Nuuk, Greenland
GOI:Dabolim, Goa, India
GOJ:Nizhniy Novgorod, Russia
GOT:Landvetter, Goteborg, Sweden
GOV:Nhulunbuy, Gove, Northern Territory, Australia
GOZ:Gorna Orechovitsa, Bulgaria
GPS:Baltra, Galapagos Islands, Ecuador
GPT:Gulfport/Biloxi, Gulfport, MS, USA
GRB:Austin/Straybel Field, Green Bay, WI, USA
GRI:Central Nebraska Regional, Grand Island, NE, USA
GRJ:George, South Africa
GRO:Costa Brava, Gerona, Spain
GRQ:Eelde, Groningen, Netherlands
GRR:Grand Rapids/Kent County International, Michigan, USA
GRU:Guarulhos, Sao Paulo, Sao Paulo, Brazil
GRU:Sao Paulo, Brazil
GRX:Granada, Spain
GRZ:Thalerhof, Graz, Austria
GSE:Goteborg-Save, Sweden
GSO:Greensboro-High Pt.-Winston Salem Regional, North Carolina, USA
GSP:Greenville-Spartanburg, South Carolina, USA
GTF:Great Falls International, Great Falls, MT, USA
GTO:Tolotio, Gorontalo, Indonesia
GTR:Golden, Columbus, MS, USA
GUA:La Aurora International, Guatemala City, Guatemala
GUB:Guerrero Negro, Baja California Sur, Mexico
GUC:Gunnison, CO, USA
GUM:Ab Wonpat International, Guam, Guam
GUP:Gallup Municipal, NM, USA
GUR:Gurney, Alotau, Papua New Guinea
GVA:Cointrin Geneva, Switzerland
GVX:Gavle, Sweden
GWD:Gwadar, Pakistan
GWT:Westerland, Germany
GWY:Carnmore, Galway, Ireland
GXQ:Teniente Vidal, Coyhaique, Chile
GYE:Simon Bolivar, Guayaquil, Ecuador
GYM:Guaymas, Sonora, Mexico
GYY:Gary, IN, USA
HAD:Halmstad, Halland, Sweden
HAG:The Hague, Netherlands
HAH:Moroni (Hahaya), Comoros
HAJ:Langenhagen, Hanover, Germany
HAK:Haikou, China
HAM:Fuhlsbuettel Hamburg, Germany
HAN:Noibai, Hanoi, Vietnam
HAU:Karmoy, Haugesund, Norway
HAV:Jose Marti, Havana, Cuba
HBA:Hobart, Tasmania, Australia
HDB:Heidelberg, Germany
HDN:Yampa Valley Regional, Hayden, CO, USA
HDY:Hat Yai, Thailand
HEL:Helsinki-Vantaa, Finland
HER:Heraklion, Crete Island, Greece
HET:Hohhot, China
HFS:Hagfors, Sweden
HFT:Hammerfest, Norway
HGH:Hangzhou, China
HGN:Mae Hong Son, Thailand
HGR:Washington County Regional, Hagerstown, MD, USA
HHH:Municipal, Hilton Head, SC, USA
HIJ:Hiroshima, Japan
HIR:Henderson International, Honiara/Guadalcanal, Solomon Islands
HIS:Hayman Island, Queensland, Australia
HKD:Hakodate, Japan
HKG:Hong Kong
HKK:Hokitika, New Zealand
HKN:Hoskins, Papua New Guinea
HKT:Phuket, Thailand
HKV:Haskovo, Bulgaria
HKY:Hickory, NC, USA
HLF:Hultsfred, Smaland, Sweden
HLN:Helena, MT, USA
HLP:Halim Perdana Kusama, Jakarta, Indonesia
HLZ:Hamilton, New Zealand
HMA:Malmo Harbour, Sweden
HMO:General Ignacio Pesqueira Garcia, Hermosillo, Sonora, Mexico
HMV:Hemavan, Sweden
HNA:Hanamaki, Morioka, Japan
HNH:Hoonah, AK, USA
HNL:Honolulu International, Hawaii, USA
HNS:Haines, AK, USA
HOB:Lea County, Hobbs, NM, USA
HOM:Homer, AK, USA
HON:Huron, SD, USA
HOT:Hot Springs Memorial Field, AR, USA
HOU:Houston William P. Hobby, Texas, USA
HPB:Hooper Bay, AK, USA
HPN:White Plains/Westchester County, New York, USA
HPV:Princeville, Kauai Island, HI, USA
HRB:Harbin, China
HRE:Harare, Zimbabwe
HRG:Hurghada, Egypt
HRK:Krarkov, Ukraine
HRL:Harlingen, Texas, USA
HRO:Boone County, Harrison, AR, USA
HSI:Hastings, NE, USA
HSV:Huntsville International, Alabama, USA
HTI:Hamilton Island, Queensland, Australia
HUF:Terre Haute Hulman Regional, Indiana, USA
HUI:Hue, Vietnam
HUM:Terrebonne, Houma, LA, USA
HUN:Hualien, Taiwan
HUV:Hudiksvall, Sweden
HUX:Huatulco, Oaxaca, Mexico
HUY:Humberside, England, United Kingdom
HVB:Hervey Bay, Queensland, Australia
HVN:New Haven Tweed, Connecticut, USA
HVR:City County, Havre, MT, USA
HWN:Hwange National Park, Zimbabwe
HYA:Barnstable County, Hyannis, MA, USA
HYD:Begumpet, Hyderabad, India
HYG:Hydaburg, AK, USA
HYS:Hays, KS, USA
IAD:Washington Dulles, Virginia, USA
IAH:Houston Intercontinental, Texas, USA
IAS:Iasi, Romania
IBZ:Ibiza, Spain
ICT:Wichita Mid-Continent, Kansas, USA
IDA:Idaho Falls, ID, USA
IEV:Zhulhany, Kiev, Ukraine
IFP:Bullhead City, AZ, USA
IGA:Inagua, Bahamas
IGM:Mohave County, Kingman, AZ, USA
IGR:Iguazu International, Misiones, Argentina
IGU:Iguassu Falls, Parana, Brazil
IJK:Izhevsk, Russia
IKT:Irkutsk, Russia
ILE:Killeen, TX, USA
ILF:Ilford, Manitoba, Canada
ILG:Wilmington/New Castle County, Delaware, USA
ILI:Iliamna, AK, USA
ILM:New Hanover County, Wilmington, NC, USA
ILO:Mandurriao, Iloilo, Philippines
ILQ:Ilo, Moquegua, Peru
ILY:Glenegedale, Islay, Scotland, United Kingdom
IMF:Imphal Municipal, India
IMP:Imperatriz, Maranhao, Brazil
IMT:Ford, Iron Mountain, MI, USA
IND:Indianapolis International, Indiana, USA
INL:Falls International, International Falls, MN, USA
INN:Kranebitten, Innsbruck, Austria
INT:Winston-Salem Smith Reynolds, North Carolina, USA
INU:Nauru
INV:Inverness, Scotland, United Kingdom
IOA:Ioannina, Greece
IOM:Ronaldsway, Isle Of Man, United Kingdom
IOS:Eduardo Gomes, Ilheus, Bahia, Brazil
IPC:Mataveri, Easter Island, Chile
IPH:Ipoh, Malaysia
IPI:San Luis, Ipiales, Colombia
IPT:Williamsport Lycoming Municipal, Williamsport, PA, USA
IQQ:Chucumata, Iquique, Chile
IQT:Cf Secada, Iquitos, Peru
ISB:Islamabad International, Pakistan
ISC:Tresco, Isles Of Scilly, United Kingdom
ISN:Sloulin Field International, Williston, ND, USA
ISO:Kinston, NC, USA
ISP:Long Island MacArthur, New York, USA
IST:Ataturk International Istanbul, Turkey
ITH:Ithaca Tompkins County, New York, USA
ITM:Itami International, Osaka, Japan
ITO:Hilo General Lyman Field, Hawaii, USA
IWD:Gogebic County, Ironwood, MI, USA
IXB:Bagdogra, India
IXE:Bajpe, Mangalore, India
IXJ:Satwari, Jammu, India
IXM:Madurai, India
IXU:Chikkalthana, Aurangabad, India
IXZ:Port Blair, India
IYK:Inyokern, CA, USA
IZO:Izumo, Japan
JAC:Jackson Hole, WY, USA
JAI:Sanganeer, Jaipur, India
JAN:Jackson Municipal/Thompson Field, Missippi, USA
JAT:Jabat International, Marshall Islands
JAV:Ilulissat, Greenland
JAX:Jacksonville International, Florida, USA
JBR:Jonesboro Municipal, AR, USA
JCA:Mandelieu, Cannes, France
JDH:Jodhpur, India
JDP:Issy Les Moulineaux, Paris, France
JED:Jeddah International, Saudi Arabia
JER:States, Jersey, Channel Islands, United Kingdom
JFK:New York John F. Kennedy International, New York, USA
JGA:Jamnagar, India
JHB:Sultan Ismail International, Johor Bahru, Malaysia
JHE:Helsingborg Heliport, Sweden
JHM:Kapalua, HI, USA
JHW:Chautauqua County, Jamestown, NY, USA
JIB:Ambouli, Djibouti, Djibouti
JKG:Axamo, Jonkoping, Sweden
JKH:Chios, Greece
JKT:All Airports around Jakarta, Indonesia
JLN:Joplin, MO, USA
JMC:Marin County, Sausalito, CA, USA
JMK:Mikonos, Greece
JMM:Malmo Harbour Heliport, Malmo, Sweden
JMO:Jomsom, Nepal
JMS:Jamestown, ND, USA
JNB:Jan Smuts, Johannesburg, South Africa
JNS:Narssaq, Greenland
JNU:Juneau International, Alaska, USA
JNX:Naxos, Cyclades Islands, Greece
JOG:Yogyakarta, Indonesia
JOI:Joinville Federal, Santa Catarina, Brazil
JON:Johnston Island, US, Outlying Islands
JRA:New York City, NY, USA
JRO:Kilimanjaro, Tanzania
JSI:Skiathos, Greece
JSS:Spetsai, Greece
JST:Johnstown Cambria, PA, USA
JSY:Syros Island, Greece
JTR:Santorini, Thira Is., Greece
JUJ:El Cadillal, Jujuy, Provincia Jujuy, Argentina
JUL:Juliaca, Peru
KAB:Kariba, Zimbabwe
KAE:Kake, AK, USA
KAL:Kaltag, AK, USA
KAN:Aminu Kano International, Nigeria
KAT:Kaitaia, New Zealand
KBP:Borispol, Kiev, Ukraine
KBR:Sultan Ismail Petra, Kota Bharu, Malaysia
KCG:Fisheries, Chignik, AK, USA
KCH:Kuching, Sarawak, Malaysia
KCK:All Airports around Kansas City, Kansas, USA
KCL:Lagoon, Chignik, AK, USA
KDG:Kardjali, Bulgaria
KEF:Keflavik, Reykjavik, Iceland
KEH:Kenmore Air Harbor, WA, USA
KEJ:Kemerovo, Russia
KEL:Holtenau, Kiel, Germany
KEM:Kemi/Tornio, Finland
KEN:Kenema, Sierra Leone
KEP:Nepalganj, Nepal
KER:Kerman, Iran
KGC:Kingscote, South Australia, Australia
KGD:Kaliningrad, Russia
KHH:Kaohsiung, Taiwan
KHI:Karachi, Pakistan
KHV:Novy, Khabarovsk, Russia
KID:Kristianstad, Sweden
KIN:Kingston, Jamaica
KIR:Kerry County, Ireland
KIT:Kithira, Greece
KIV:Kishinev, Moldova
KIX:Kansai International, Osaka, Japan
KJA:Krasnojarsk, Russia
KKN:Hoeyburtmoen, Kirkenes, Norway
KLO:Kalibo, Philippines
KLR:Kalmar, Sweden
KLU:Klagenfurt, Austria
KLW:Klawock, AK, USA
KLX:Kalamata, Greece
KMG:Kunming, China
KMI:Miyazaki, Japan
KMJ:Kumamoto, Japan
KNS:King Island, Tasmania, Australia
KOA:Kailua-Kona, Keahole, HI, USA
KOI:Kirkwall / Orkney Island, Scotland, United Kingdom
KOJ:Kagoshima, Japan
KOK:Kruunupyy, Kokkola/Pietarsaari, Finland
KPN:Kipnuk, AK, USA
KPO:Na, Pohang, South Korea
KRE:Kirundo, Burundi
KRF:Kramfors, Sweden
KRK:Balice, Krakow, Poland
KRN:Kiruna, Sweden
KRP:Karup, Denmark
KRR:Krasnodar, Russia
KRS:Kjevik, Kristiansand, Norway
KRT:Khartoum Civil, Sudan
KSA:Kosrae, Caroline Islands, Micronesia
KSC:Barca, Kosice, Slovakia
KSD:Karlstad, Wermland, Sweden
KSH:Bakhtaran Iran, Kermanshah, Iran
KSJ:Kasos Island, Greece
KSK:Karlskoga, Sweden
KSO:Kastoria, Greece
KSU:Kvernberget, Kristiansund, Norway
KTM:Tribhuvan, Kathmandu, Nepal
KTN:Ketchikan International, AK, USA
KTR:Tindal, Katherine, Northern Territory, Australia
KTW:Pyrzowice, Katowice, Poland
KUA:Padang Geroda, Kuantan, Malaysia
KUF:Samara, Russia
KUL:Subang Kuala Lumpur International, Malaysia
KUN:Kaunas, Lithuania
KUO:Kuopio, Finland
KUS:Kulusuk Metropolitan Area, Greenland
KUV:Kunsan, South Korea
KVA:Kavala, Greece
KVB:Skovde, Sweden
KWA:Kwajalein, Marshall Islands
KWI:Kuwait International
KWL:Guilin, China
KZI:Kozani, Greece
KZN:Kazan, Russia
KZS:Kastelorizo, Greece
LAD:Fevereiro, Luanda, Angola
LAF:Purdue University, Lafayette, IN, USA
LAN:Lansing Capital City, Michigan, USA
LAP:Aeropuerto General Marquez De Leon, La Paz, Baja California Sur, Mexico
LAR:General Brees Field, Laramie, WY, USA
LAS:Las Vegas McCarran International, Nevada, USA
LAW:Municipal, Lawton, OK, USA
LAX:Los Angeles International, California, USA
LBA:Leeds/Bradford, England, United Kingdom
LBB:Lubbock, TX, USA
LBE:Westmoreland County, Latrobe, PA, USA
LBF:North Platte Lee Bird Field, Nebraska, USA
LBL:Glenn L Martin Terminal, Liberal, KS, USA
LBU:Labuan, Sabah, Malaysia
LBV:Libreville, Gabon
LCA:Larnaca International, Cyprus
LCE:La Ceiba International, Honduras
LCG:La Coruna, Spain
LCH:Lake Charles, Louisiana, USA
LCY:London City, England, United Kingdom
LDB:Londrina, Parana, Brazil
LDE:Tarbes International, Lourdes/Tarbes, France
LDU:Lahad Datu, Sabah, Malaysia
LEA:Learmonth, Western Australia, Australia
LEB:Lebanon Regional, Lebanon/Hanover/White River, NH, USA
LED:Pulkovo, St. Petersburg, Russia
LEH:Le Havre, France
LEI:Almeria, Spain
LEJ:Leipzig/Halle, Germany
LET:Gen Av Cob0, Leticia, Colombia
LEX:Blue Grass Field, Lexington, KY, USA
LFT:Lafayette, Louisiana, USA
LFW:Lome, Togo
LGA:New York La Guardia, New York, USA
LGB:Long Beach Daugherty Field, California, USA
LGG:Bierset, Liege, Belgium
LGI:Deadmans Cay, Deadmans Cay / Long Island, Bahamas
LGK:Langkawi, Malaysia
LGP:Legaspi, Philippines
LGW:Gatwick, London, England, United Kingdom
LHE:Lahore, Pakistan
LHR:Heathrow, London, England, United Kingdom
LIG:Bellegarde, Limoges, France
LIH:Lihue, Hawaii, USA
LIM:Lima Jorge Chavez International, Peru
LIN:Linate, Milan, Italy
LIR:Liberia, Costa Rica
LIS:Lisbon, Portugal
LIT:Little Rock Regional, Arkansas, USA
LJU:Brnik, Ljubljana, Slovenia
LKE:Lake Union Sea Plane Base, Seattle, WA, USA
LKN:Leknes, Norway
LKO:Lucknow, India
LLA:Kallax, Lulea, Sweden
LLW:Kamuzu Intl, Lilongwe, Malawi
LLY:Mount Holly, NJ, USA
LMM:Los Mochis, Sinaloa, Mexico
LMN:Limbang, Sarawak, Malaysia
LMT:Kingsley Field, Klamath Falls, OR, USA
LNK:Lincoln Municipal, Nebraska, USA
LNS:Lancaster, PA, USA
LNV:Londolovit, Papua New Guinea
LNY:Lanai City, HI, USA
LNZ:Linz, Austria
LON:All Airports around London, United Kingdom
LOS:Murtala Muhammed, Lagos, Nigeria
LOV:Monclova, Coahuila, Mexico
LPA:Aeropuerto De Gran Canaria, Canary Islands, Spain
LPB:El Alto, La Paz, Bolivia
LPI:Saab, Linkoping, Sweden
LPL:Liverpool, England, United Kingdom
LRA:Larisa, Greece
LRD:Laredo, Texas, USA
LRH:Laleu, La Rochelle, France
LRM:Casa De Campo, Dominican Republic
LRS:Leros, Greece
LRU:Las Cruces, NM, USA
LSC:La Serena, Chile
LSE:La Crosse Municipal, WI, USA
LSI:Shetland Islands /Shetland Isd, Scotland, United Kingdom
LSP:Josefa Camejo, Las Piedras, Venezuela
LSQ:Maria Dolores, Los Angeles, Chile
LST:Launceston, Tasmania, Australia
LSY:Lismore, New South Wales, Australia
LTN:Luton International, London, England, United Kingdom
LTO:Loreto, Baja California Sur, Mexico
LUA:Lukla, Nepal
LUD:Luderitz, Namibia
LUG:Agno, Lugano, Switzerland
LUN:Lusaka, Zambia
LUX:Findel, Luxembourg
LVI:Livingstone, Zambia
LWB:Greenbrier, WV, USA
LWK:Tingwall, Shetland Islands /Shetland Isd, Scotland, United Kingdom
LWO:Snilow, Lvov, Ukraine
LWT:Lewistown Municipal, MT, USA
LWY:Lawas, Sarawak, Malaysia
LXR:Luxor, Egypt
LXS:Lemnos, Greece
LYC:Lycksele, Sweden
LYH:Lynchburg, VA, USA
LYP:Lyallpur, Faisalabad, Pakistan
LYR:Svalbard, Longyearbyen, Norway
LYS:Satolas, Lyon, France
LZC:Na, Lazaro Cardenas, Michoacan, Mexico
MAA:Meenambarkkam, Madras, India
MAD:Barajas, Madrid, Spain
MAF:Midland/Odessa, TX, USA
MAG:Madang, Papua New Guinea
MAH:Aerop De Menorca, Menorca, Spain
MAJ:Majuro International, Marshall Islands
MAM:Servando Canales, Matamoros, Tamaulipas, Mexico
MAN:Manchester, UK
MAO:Eduardo Gomes, Manaus, Amazonas, Brazil
MAR:La Chinita, Maracaibo, Venezuela
MAY:Mangrove Cay, Bahamas
MAZ:El Maui, Mayaguez, PR, USA
MBA:Moi International, Mombasa, Kenya
MBJ:Sangster, Montego Bay, Jamaica
MBL:Manistee Blacker, MI, USA
MBS:Saginaw Tri-City, Michigan, USA
MBW:Moorabbin, Victoria, Australia
MCG:Mc Grath, Mc Grath, AK, USA
MCI:Kansas City International, Missouri, USA
MCK:Municipal, Mc Cook, NE, USA
MCM:Hel De Monte Carlo, Monte Carlo, Monaco
MCN:Lewis B Wilson, Macon, GA, USA
MCO:Orlando International, Florida, USA
MCP:Macapa, Amapa, Brazil
MCT:Seeb, Muscat, Oman
MCW:Mason City, IA, USA
MCY:Maroochydore, Sunshine Coast, Queensland, Australia
MDC:Samratulang, Manado, Indonesia
MDE:La Playas, Medellin, Colombia
MDH:Southern Illinois, Carbondale, IL, USA
MDQ:Mar Del Plata, Buenos Aires, Argentina
MDT:Harrisburg International, Pennsylvania, USA
MDW:Chicago Midway, Illinois, USA
MDZ:El Plumerillo, Mendoza, Argentina
MEB:Essendon, Melbourne, Victoria, Australia
MEI:Key Field, Meridian, MS, USA
MEL:Tullamarine, Melbourne, Victoria, Australia
MEM:Memphis International, Tennessee, USA
MES:Polonia, Medan, Indonesia
MEX:Juarez International, Mexico City, Distrito Federal, Mexico
MEY:Meghauli, Nepal
MFE:Mc Allen/Mission, TX, USA
MFN:Milford Sound, New Zealand
MFW:All Airports around Miami, Ft. Lauderdale and West Palm Beach, Florida, USA
MGA:Managua, Nicaragua
MGM:Montgomery Municipal/Dannelly Field, Alabama, USA
MGQ:Mogadishu, Somalia
MGW:Morgantown, WV, USA
MHH:Marsh Harbour, Bahamas
MHK:Manhattan Municipal, KS, USA
MHQ:Mariehamn, Aland Island, Finland
MHT:Manchester, New Hampshire, USA
MIA:Miami International, Florida, USA
MID:Merida Internationl, Merida, Yucatan, Mexico
MIE:Delaware County, Muncie, IN, USA
MIL:All Airports around Milano, Italy
MIR:Skanes, Monastir, Tunisia
MJT:Mytilene, Greece
MJV:San Javier, Murcia, Spain
MKC:Kansas City Downtown, Missouri, USA
MKE:Milwaukee General Mitchell International, Wisconsin, USA
MKG:Muskegon County International, MI, USA
MKK:Hoolehua Municipal, HI, USA
MKL:Mc Kellar Field, Jackson, TN, USA
MKM:Mukah, Sarawak, Malaysia
MKW:Rendani, Manokwari, Indonesia
MKY:Mackay, Queensland, Australia
MLA:Luqa, Malta, Malta
MLB:Melbourne, FL, USA
MLE:Male International, Maldives
MLG:Malang, Indonesia
MLH:Mulhouse/Basel Euroairport, France
MLI:Moline Quad City, Alabama, USA
MLM:Morelia Municipal, Michoacan, Mexico
MLO:Milos, Greece
MLS:Miles City, MT, USA
MLU:Monroe, LA, USA
MMB:Memanbetsu, Japan
MMH:Mammoth Lakes, CA, USA
MMK:Murmansk, Russia
MMU:Morristown, NJ, USA
MMX:Malmo-Sturup, Scania, Sweden
MNI:Montserrat, Leeward Islands
MNL:Ninoy Aquino International, Manila, Philippines
MNM:Twin County, Menominee, MI, USA
MOB:Mobile Municipal/Bates Field, Alabama, USA
MOD:Harry Sham Feild, Modesto, CA, USA
MOL:Aro, Molde, Norway
MOT:Minot, ND, USA
MOW:All Airports around Moskow, Russia
MPA:Mpacha, Namibia
MPB:Miami Public Seaplane Base, FL, USA
MPL:Frejorgues, Montpellier, France
MPM:Maputo International, Mozambique
MQL:Mildura, Victoria, Australia
MQN:Rossvoll, Mo I Rana, Norway
MQT:Marquette, MI, USA
MRD:Alberto Carnevalli, Merida, Venezuela
MRK:Marco Island, FL, USA
MRS:Marseille, France
MRU:Plaisance, Mauritius
MRY:Monterey, California, USA
MSJ:Misawa, Japan
MSL:Muscle Shoals, Muscle Shoals / Florence / Sheffield, AL, USA
MSN:Madison Dane County Regional, Wisconsin, USA
MSO:Missoula County, Montana, USA
MSP:Minneapolis-St. Paul International, Minnesota, USA
MSQ:Minsk, Belarus
MSS:Massena, NY, USA
MSU:Maseru, Lesotho
MSY:Moisant International, New Orleans, Louisiana, USA
MTH:Marathon, FL, USA
MTJ:Montrose County, Montrose, CO, USA
MTY:Escobedo, Monterrey, Nuevo Leon, Mexico
MUB:Maun, Botswana
MUC:Franz Josef Strauss, Munich, Germany
MUN:Maturin, Venezuela
MVD:Carrasco, Montevideo, Uruguay
MVN:Mount Vernon Outland, IL, USA
MVY:Marthas Vineyard, MA, USA
MWA:Marion, IL, USA
MXL:Rodolfo Sanchez Taboada, Mexicali, Baja California, Mexico
MXP:Malpensa, Milan, Italy
MXX:Mora, Dalecarlia, Sweden
MYA:Moruya, New South Wales, Australia
MYJ:Matsuyama, Japan
MYR:Myrtle Beach, SC, USA
MYY:Miri, Sarawak, Malaysia
MZL:Santaguida, Manizales, Colombia
MZT:Buelna, Mazatlan, Sinaloa, Mexico
MZV:Mulu, Malaysia
NAG:Sonegaon, Nagpur, India
NAH:Naha, Indonesia
NAK:Nakhon Ratchasima, Thailand
NAN:International, Nadi, Fiji
NAP:Capodichino, Naples, Italy
NAS:Nassau, Bahamas
NAT:Agusto Severo, Natal, Rio Grande Do Norte, Brazil
NAY:Beijing, China
NBO:Jomo Kenyatta Internatonal, Nairobi, Kenya
NCA:North Caicos, Turks And Caicos Islands
NCE:Cote D'azur, Nice, France
NCL:Newcastle International, England, United Kingdom
NDJ:N'djamena, N Djamena, Chad
NEC:Necochea, Buenos Aires, Argentina
NEV:Nevis, Leeward Islands, Saint Kitts And Nevis
NGO:Komaki, Nagoya, Japan
NGS:Nagasaki, Japan
NJC:Nizhnevartovsk, Russia
NKC:Nouakchott, Mauritania
NKG:Nanjing, China
NLA:Ndola, Zambia
NLD:Nuevo Laredo, Tamaulipas, Mexico
NLP:Nelspruit, South Africa
NNG:Nanning, China
NOC:Rep Of Ireland, Connaught, Ireland
NOU:Tontouta, Noumea, New Caledonia
NPL:, New Plymouth, New Zealand
NQY:Newquay Civil, England, United Kingdom
NRK:Norrkoping, Sweden
NRT:Narita, Tokyo, Japan
NRW:All Airports around Nordrhein-Westfalen, Germany
NSB:North Seaplane Base, Bimini, Bahamas
NSI:Nsimalen, Yaounde, Cameroon
NSN:Nelson, New Zealand
NTL:Williamtown, Newcastle, New South Wales, Australia
NUE:Nuernberg, Germany
NVT:Navegantes, Santa Catarina, Brazil
NWA:Moheli, Comoros
NWI:Norwich, England, United Kingdom
NYC:All Airports around New York City, New York, USA
NYO:Stockholm - Skavsta, Sweden
OAG:Springhill, Orange, New South Wales, Australia
OAJ:Jacksonville Albert J. Ellis, North Carolina, USA
OAK:Oakland International, California, USA
OAX:Xoxocotlan, Oaxaca, Oaxaca, Mexico
OBO:Obihiro, Japan
ODE:Odense, Denmark
ODS:Odessa Central, Ukraine
ODW:Oak Harbor, WA, USA
OER:Ornskoldsvik, Sweden
OFK:Norfolk Karl Stefan Memorial, NE, USA
OGG:Kahului, HI
OGS:Ogdensburg, NY, USA
OHD:Ohrid, Ohrid, Macedonia
OIT:Oita, Japan
OKA:Naha Field, Okinawa, Ryukyu Islands, Japan
OKC:Oklahoma City Will Rogers World, Oklahoma, USA
OKJ:Okayama, Japan
OLF:Wolf Point, MT, USA
OLM:Olympia, WA
OMA:Omaha Eppley Airfield, Nebraska, USA
OME:Nome, AK, USA
OMR:Oradea, Romania
ONG:Mornington Is, Queensland, Australia
ONT:Ontario International, California, USA
OOK:Toksook Bay, AK, USA
OOL:Coolangatta, Gold Coast, Queensland, Australia
OOM:Cooma, New South Wales, Australia
OPF:Opa Locka, Miami, FL, USA
OPO:Porto, Portugal
ORB:Orebro, Sweden
ORD:Chicago-O'Hare International, Illinois, USA
ORF:Norfolk International, Virginia, USA
ORH:Worcester /James D O'brien Field, Worcester, MA, USA
ORK:Cork, Ireland
ORL:Herndon, Orlando, FL, USA
ORN:Es Senia, Oran, Algeria
ORY:Orly, Paris, France
OSA:All Airports around Osaka, Japan
OSD:Froesoe, Ostersund, Sweden
OSH:Wittman Field, Oshkosh, WI, USA
OSK:Oskarshamn, Sweden
OSL:All Airports around Oslo, Norway
OTH:North Bend, OR, USA
OTM:Ottumwa, IA, USA
OTP:Otopeni, Bucharest, Romania
OTZ:Kotzebue, AK, USA
OUA:Ouagadougou, Burkina Faso
OUL:Oulu, Finland
OVB:Tolmachevo, Novosibirsk, Russia
OVD:Asturias, Spain
OWB:Owensboro, KY, USA
OWD:Memorial Code: Owd, Norwood, MA, USA
OXR:Oxnard / Ventura, CA, USA
OZZ:Ouarzazate, Morocco
PAD:Paderborn, Germany
PAH:Paducah, KY, USA
PAO:Palo Alto Municipal, California, USA
PAP:Mais Gate, Port Au Prince, Haiti
PAR:All Airports around Paris, France
PAS:Paros, Greece
PAT:Patna, India
PAZ:Poza Rica, Veracruz, Mexico
PBC:Puebla, Mexico
PBI:Palm Beach International, Florida, USA
PBM:Zanderij International, Paramaribo, Suriname
PBO:Paraburdoo, Western Australia, Australia
PCL:Captain Rolden, Pucallpa, Peru
PCT:Princeton Municipal, NJ, USA
PDG:Tabing, Padang, Indonesia
PDL:Nordela, Ponta Delgada, Azores Islands, Portugal
PDT:Pendleton, OR, USA
PDV:Plovdiv, Bulgaria
PDX:Portland International, Oregon, USA
PEE:Perm, Russia
PEG:Na, Perugia, Italy
PEI:Matecana, Pereira, Colombia
PEK:Peking Capital, Beijing, China
PEN:Penang International, Malaysia
PER:Perth, Western Australia, Australia
PES:Petrozavodsk, Russia
PEW:Peshawar, Pakistan
PFN:Panama City, FL, USA
PFO:Paphos International, Cyprus
PGA:Page, AZ, USA
PGF:Llabanere, Perpignan, France
PGV:Greenville, NC, USA
PGX:Perigueux, France
PHE:Port Hedland, Western Australia, Australia
PHF:Newport News Patrick Henry International, Virginia, USA
PHL:Philadelphia International, Pennsylvania, USA
PHO:Point Hope, AK, USA
PHS:Phitsanulok, Thailand
PHX:Phoenix Sky Harbor International, Arizona, USA
PIA:Peoria, Illinois, USA
PIB:Laurel Hattiesburg/Camp Shelby, MS, USA
PID:Paradise Island, Nassau, Bahamas
PIE:St. Petersburg/Clearwater, Florida, USA
PIH:Pocatello, ID, USA
PIK:Prestwick, Glasgow, Scotland, United Kingdom
PIR:Pierre, SD, USA
PIT:Pittsburgh International, Pennsylvania, USA
PIW:Pikwitonei, Manitoba, Canada
PJG:Panjgur, Pakistan
PKB:Wood County, Parkersburg / Marietta, WV, USA
PKE:Parkes, New South Wales, Australia
PKR:Pokhara, Nepal
PKU:Simpang Tiga, Pekanbaru, Indonesia
PLB:Plattsburgh, NY, USA
PLH:Plymouth, England, United Kingdom
PLM:Sultan Mahmud Badaruddin Ii, Palembang, Indonesia
PLN:Pellston, MI, USA
PLO:Port Lincoln, South Australia, Australia
PLQ:Palanga, Lithuania
PLS:Providenciales, Turks And Caicos Islands
PLU:Confins/Pampulha, Belo Horizon, Minas Gerais, Brazil
PLW:Mutiara, Palu, Indonesia
PLZ:Hf Verwoerd, Port Elizabeth, South Africa
PMC:Tepual, Puerto Montt, Chile
PMD:Air Force 42, Palmdale, CA, USA
PMI:Palma De Mallorca, Spain
PMO:Punta Raisi, Palermo, Sicily, Italy
PMR:Palmerston North, New Zealand
PMV:Gral Santiago Marino, Porlamar, Venezuela
PNC:Ponca City, OK, USA
PNH:Pochentong, Phnom Penh, Cambodia
PNI:Pohnpei International, Caroline Islands, Micronesia
PNK:Supadio, Pontianak, Indonesia
PNL:Pantelleria, Italy
PNQ:Lohegaon Poona, India
PNR:Pointe Noire, Congo
PNS:Pensacola, FL, USA
POA:Salgado Filho, Porto Alegre, Rio Grande Do Sul, Brazil
POG:Port Gentil, Gabon
POM:Jackson, Port Moresby, Papua New Guinea
POP:La Union, Puerto Plata, Dominican Republic
POR:Pori, Finland
POS:Port Of Spain, Trinidad
POU:Dutchess County, Poughkeepsie, NY, USA
POZ:Lawica, Poznan, Poland
PPG:Pago Pago International, American Samoa
PPS:Puerto Princesa, Philippines
PQI:Presque Isle, ME, USA
PQQ:Port Macquarie, New South Wales, Australia
PRC:Prescott, AZ, USA
PRG:Ruzyne, Prague, Czech Republic
PRI:Praslin Island, Seychelles
PSA:G Galilei, Pisa, Italy
PSE:Mercedita, Ponce, PR, USA
PSG:Petersburg Municipal, AK, USA
PSM:Pease International Tradeport, Portsmouth, NH, USA
PSO:Cano, Pasto, Colombia
PSP:Palm Springs Municipal, California, USA
PSR:Liberi, Pescara, Italy
PSZ:Puerto Suarez, Bolivia
PTF:Malololailai, Fiji
PTG:Pietersburg, South Africa
PTP:Le Raizet, Pointe A Pitre, Guadeloupe
PTY:Tocumen International, Panama City, Panama
PUB:Pueblo, CO, USA
PUJ:Punta Cana, Dominican Republic
PUQ:Presidente Ibanez, Punta Arenas, Chile
PUS:Kimhae, Pusan, South Korea
PUW:Pullman, WA, USA
PUY:Pula, Croatia (Hrvatska)
PUZ:Puerto Cabezas, Nicaragua
PVC:Provincetown, MA, USA
PVD:Providence Theodore Francis Green State, Rhode Island, USA
PVG:Pudong International, Shanghai, China
PVN:Pleven, Bulgaria
PVR:Gustavo Diaz Ordaz, Puerto Vallarta, Jalisco, Mexico
PVU:Provo, UT, USA
PWM:Portland International Jetport, Maine, USA
PWT:Bremerton Municipal, WA, USA
PXM:Puerto Escondido, Oaxaca, Mexico
PXO:Porto Santo, Madeira Islands, Portugal
PZE:Penzance, England, United Kingdom
PZO:Puerto Ordaz, Venezuela
QBF:Vail/Eagle, CO, USA
QDU:Main Train Station, Duesseldorf, Germany
QDV:All Airports around Denver, Colorado, USA
QKB:Breckenridge, CO, USA
QKL:Train Main Railroad Station, Cologne, Germany
QLA:All Airports around Los Angeles, California, USA
QRO:Queretaro, Mexico
QSF:All Airports around San Francisco, California, USA
QSY:Sydney, New South Wales, Australia
RAB:Lakunai, Rabaul, Papua New Guinea
RAJ:Rajkot, India
RAK:Menara, Marrakech, Morocco
RAP:Rapid City, SD, USA
RAR:Rarotonga, Cook Islands
RBA:Sale, Rabat, Morocco
RCB:Richards Bay, South Africa
RCE:Roche Harbor, WA, USA
RDD:Redding, CA, USA
RDG:Reading Municipal / Spaatz Field, PA, USA
RDU:Raleigh-Durham, North Carolina, USA
REC:Guararapes International, Recife, Pernambuco, Brazil
REG:Tito Menniti, Reggio Calabria, Italy
REL:Trelew, Chubut, Argentina
RES:Resistencia, Chaco, Argentina
REU:Reus, Spain
REX:General Lucio Blanco, Reynosa, Tamaulipas, Mexico
RFD:Greater Rockford, IL, USA
RGA:Rio Grande, Tierra Del Fuego, Argentina
RGN:Mingaladon, Yangon, Myanmar
RHI:Rhinelander Oneida County, WI, USA
RHO:Paradisi, Rhodes, Greece
RIC:Richmond International/Byrd Field, Virginia, USA
RIO:All Airports around Rio de Janeiro, RJ, Brazil
RIW:Riverton, WY, USA
RIX:Riga, Latvia
RKD:Rockland, ME, USA
RKS:Rock Springs Sweetwater County, WY, USA
RKV:Reykjavik, Iceland
RMA:Roma, Queensland, Australia
RNB:Kallinge, Ronneby, Sweden
RNN:Arnager, Bornholm, Denmark
RNO:Reno Cannon International, Nevada, USA
RNS:St Jacques, Rennes, France
ROA:Roanoke, VA, USA
ROC:Rochester International, New York, USA
ROM:All Airports around Roma, Italy
ROP:Rota, Northern Mariana Islands
ROR:Airai, Koror, Palau
ROS:Fisherton, Rosario, Santa Fe, Argentina
ROU:Rousse, Bulgaria
ROV:Rostov, Russia
ROW:Industrial Air Center, Roswell, NM, USA
RPR:Raipur, India
RRG:Rodrigues Island, Mauritius
RSA:Santa Rosa, La Pampa, Argentina
RSD:Rock Sound, Bahamas
RST:Rochester Municipal, MN, USA
RSU:Yosu, South Korea
RSW:Ft. Meyers Southwest Florida Regional, USA
RTB:Roatan, Roatan, Honduras
RTM:Rotterdam, Netherlands
RUH:King Khaled Intl, Riyadh, Saudi Arabia
RUI:Ruidoso, NM, USA
RUT:Rutland, VT, USA
RWI:Wilson, Rocky Mount, NC, USA
SAB:Saba Island, Netherlands Antilles
SAF:Santa Fe, NM, USA
SAH:Sanaa International, Yemen
SAL:San Salvador, El Salvador
SAN:San Diego International/Lindbergh Field, California, USA
SAO:All Airports around Sao Paulo, SP, Brazil
SAP:La Mesa, San Pedro Sula, Honduras
SAT:San Antonio International, Texas, USA
SAV:Savannah International, Georgia, USA
SBA:Santa Barbara Municipal, California, USA
SBH:St Barthelemy, Guadeloupe
SBN:Michiana Regional, South Bend, IN, USA
SBP:San Luis Obispo, CA, USA
SBW:Sibu, Sibu, Sarawak, Malaysia
SCE:University Park Arpt, State College, PA, USA
SCL:Aeropuerto Comodoro Arturo Merino Benitez, Santiago, Chile
SCN:Ensheim, Saarbruecken, Germany
SCQ:Santiago De Compostela, Spain
SDF:Louisville Standiford Field, Kentucky, USA
SDJ:Sendai, Japan
SDK:Sandakan, Sabah, Malaysia
SDL:Sundsvall/Harnosand-Midlanda, Sweden
SDN:Sandane, Norway
SDQ:Las Americas, Santo Domingo, Dominican Republic
SDR:Santander, Spain
SDU:Santos Dumont, Rio De Janeiro, Rio De Janeiro, Brazil
SDX:Sedona, AZ, USA
SDY:Sidney, MT, USA
SEA:Seattle-Tacoma International, Washington, USA
SEL:Kimpo International, Seoul, South Korea
SEZ:Mahe Island Seychelles Intl, Mahe Island, Seychelles
SFA:Sfax, Tunisia
SFG:Esperance, St Martin, Netherlands Antilles
SFJ:Sondre Stromfjord, Kangerlussuaq, Greenland
SFN:Santa Fe, Santa Fe, Argentina
SFO:San Francisco International, California, USA
SFT:Skelleftea, Sweden
SGC:Surgut, Russia
SGD:Sonderborg, Denmark
SGF:Springfield Regional, Missouri, USA
SGN:Tan Son Nhut, Ho Chi Minh City, Vietnam
SGO:St George, Queensland, Australia
SGU:St George, UT, USA
SGY:Skagway, AK, USA
SHA:Hongqiao International, Shanghai, China
SHC:Indaselassie, Ethiopia
SHD:Shenandoah Valley Regional, Staunton, VA, USA
SHE:Shenyang, China
SHJ:Sharjah, United Arab Emirates
SHO:Sokcho, South Korea
SHR:Sheridan, WY, USA
SHV:Shreveport, LA, USA
SID:Amilcar Cabral International, Sal, Cape Verde
SIN:Changi International, Singapore
SIP:Simferopol, Ukraine
SIR:Sion, Switzerland
SIT:Sitka, AK, USA
SJC:San Jose International, California, USA
SJD:Los Cabos International, San Jose Del Cabo, Baja California Sur, Mexico
SJI:Mcguire Field, San Jose, Philippines
SJJ:Butmir, Sarajevo, Bosnia And Herzegowina
SJO:Juan Santamaria International, San Jose, Costa Rica
SJT:San Angelo, TX, USA
SJU:Luis Munoz Marin International, San Juan, PR, USA
SJW:Shijiazhuang, China
SKB:Golden Rock, St Kitts, Saint Kitts And Nevis
SKD:Samarkand, Uzbekistan
SKG:Thessaloniki, Greece
SKP:Skopje, Macedonia
SKS:Jojens, Vojens Lufthavn, Denmark
SLA:Salta International, Argentina
SLC:Salt Lake City International, Utah, USA
SLK:Adirondack, Saranac Lake, NY, USA
SLN:Salina Municipal, KS, USA
SLP:San Luis Potosi, Mexico
SLS:Silistra, Bulgaria
SLU:Vigie Field, Saint Lucia
SLW:Saltillo, Coahuila, Mexico
SLZ:Tirirical, Sao Luiz, Maranhao, Brazil
SMF:Sacramento Metro, California, USA
SML:Stella Maris, Bahamas
SMM:Semporna, Sabah, Malaysia
SMS:St Marie, Madagascar
SMX:Santa Maria, CA, USA
SNA:Santa Ana/Orange County/John Wayne, California, USA
SNB:Snake Bay, Northern Territory, Australia
SNN:Shannon, Ireland
SNO:Sakon Nakhon, Thailand
SOF:Sofia, Bulgaria
SOG:Haukasen, Sogndal, Norway
SOM:San Tome, Venezuela
SOO:Soderhamn, Sweden
SOP:Pinehurst, Southern Pines, NC, USA
SOU:Eastleigh, Southampton, England, United Kingdom
SOW:Show Low, AZ, USA
SPB:Seaplane Base, St Thomas Island, VI, USA
SPC:Santa Cruz La Palma, Canary Islands, Spain
SPD:Saidpur, Bangladesh
SPI:Springfield Capital, IL, USA
SPJ:Sparta, Greece
SPN:Saipan International Northern Mariana Isles, Saipan, Northern Mariana Islands
SPR:San Pedro, Belize
SPS:Wichita Falls, Texas, USA
SPU:Split, Croatia (Hrvatska)
SPW:Spencer, IA, USA
SQL:San Carlos Municipal, California, USA
SQO:Storuman, Sweden
SRE:Sucre, Bolivia
SRQ:Sarasota, Florida, USA
SSA:Dois De Julho, Salvador, Bahia, Brazil
SSB:Sea Plane Base, St Croix Island, VI, USA
SSG:Santa Isabel, Malabo, Equatorial Guinea
SSH:Ophira, Sharm El Sheikh, Egypt
SSJ:Stokka, Sandnessjoen, Norway
SSQ:La Sarre, Quebec, Canada
STA:Stuttgart, Germany
STC:Saint Cloud, Saint Cloud, MN, USA
STD:Mayor Humberto Vivas Guerrero, Santo Domingo, Venezuela
STI:Municipal, Santiago, Dominican Republic
STL:St. Louis/Lambert International, Missouri, USA
STM:Santarem, Para, Brazil
STN:Stansted, London, England, United Kingdom
STO:All Airports around Stockholm, Sweden
STP:At Paul Downtown, MN, USA
STR:Echterdingen, Stuttgart, Germany
STS:Sonoma County, Santa Rosa, CA, USA
STT:Cyril E King, St Thomas Island, VI, USA
STX:St Croix Island, VI, USA
SUB:Juanda, Surabaya, Indonesia
SUE:Sturgeon Bay, WI, USA
SUN:Sun Valley/Hailey, ID, USA
SUV:Nausori, Suva, Fiji
SUX:Sioux City International, Iowa, USA
SVD:St Vincent, St. Vincent And The Grenadines
SVG:Sola, Stavanger, Norway
SVL:Savonlinna, Finland
SVO:Sheremetyevo, Moscow, Russia
SVQ:Sevilla, Spain
SVU:Savusavu, Savusavu, Fiji
SVX:Ekaterinburg, Russia
SVZ:San Antonio, Venezuela
SWA:Shantou, China
SWF:Stewart, Newburgh/Poughkeepsie, NY, USA
SWP:Swakopmund, Namibia
SWQ:Brang Bidji, Sumbawa Island, Indonesia
SXB:Entzheim, Strasbourg, France
SXF:Schoenefeld, Berlin, Germany
SXL:Collooney, Sligo, Ireland
SXM:Juliana, St Maarten, Netherlands Antilles
SXR:Srinagar, India
SYD:Sydney, Australia
SYO:Shonai, Japan
SYR:Syracuse Hancock International, New York, USA
SYX:Sanya, China
SYY:Stornoway, Scotland, United Kingdom
SYZ:Shiraz, Iran
SZG:Salzburg, Austria
SZR:Stara Zagora, Bulgaria
SZX:Shenzhen, China
SZZ:Goleniow, Szczecin, Poland
TAB:Crown Point, Tobago, Trinidad And Tobago
TAC:Dz Romualdez, Tacloban, Philippines
TAE:Taegu, South Korea
TAG:Tagbilaran, Philippines
TAM:Tampico, Tamaulipas, Mexico
TAP:Tapachula International, Chiapas, Mexico
TAS:Tashkent, Uzbekistan
TAT:Tatry/Poprad, Slovakia
TBN:Forney Field, Ft Leonard Wood, MO, USA
TBP:Tumbes, Peru
TBS:Novoalexeyevka, Tbilisi, Georgia
TBT:Tabatinga, Amazonas, Brazil
TBU:Nuku Alofa/Tongatapu International, Tonga
TCI:Tenerife Norte Los Rodeos, Canary Islands, Spain
TCL:Van De Graff, Tuscaloosa, AL, USA
TDD:Trinidad, Bolivia
TED:Thisted, Denmark
TER:Lajes, Terceira Island, Azores Islands, Portugal
TEX:Telluride, CO, USA
TEZ:Salonbari, Tezpur, India
TFN:Tenerife Norte Los Rodeos, Canary Islands, Spain
TFS:Reina Sofia, Tenerife, Canary Islands, Spain
TGD:Golubovci, Podgorica, Yugoslavia
TGG:Sultan Mahmood, Kuala Terengganu, Malaysia
TGM:Tirgu Mures, Romania
TGU:Toncontin, Tegucigalpa, Honduras
TGZ:Llano San Juan, Tuxtla Gutierrez, Chiapas, Mexico
THE:Teresina, Piaui, Brazil
THF:Tempelhof, Berlin, Germany
THN:Trollhattan, Sweden
THR:Mehrabad, Tehran, Iran
THU:Thule, Pituffik, Greenland
TIA:Rinas, Tirana, Albania
TIJ:General Abelardo L Rodriguez, Tijuana, Baja California, Mexico
TIQ:Tinian, Northern Mariana Islands
TIS:Horn Island, Thursday Island, Queensland, Australia
TIV:Tivat, Yugoslavia
TIZ:Tari, Papua New Guinea
TJA:Tarija, Bolivia
TJM:Tyumen, Russia
TKK:Truk, Caroline Islands, Micronesia
TKQ:Kigoma, Tanzania
TKS:Tokushima, Japan
TKU:Turku, Finland
TLH:Tallahassee, FL, USA
TLL:Ulemiste, Tallinn, Estonia
TLS:Blagnac, Toulouse, France
TLV:Ben-Gurion, Tel Aviv, Israel
TMW:Tamworth, New South Wales, Australia
TNG:Boukhalef Souahel, Tangier, Morocco
TNR:Ivato, Antananarivo, Madagascar
TOL:Toledo Express, Ohio, USA
TOS:Tromso/Langes, Tromso, Norway
TOY:Toyama, Japan
TPA:Tampa International, Florida, USA
TPE:Chiang Kai Shek, Taipei, Taiwan
TPL:Temple, TX, USA
TPP:Tarapoto, Peru
TPQ:Tepic, Nayarit, Mexico
TPS:Birgi, Trapani, Sicily, Italy
TRC:Torreon, Coahuila, Mexico
TRE:Tiree Island, Scotland, United Kingdom
TRF:Torf, Sandefjord, Norway
TRG:Tauranga, New Zealand
TRK:Tarakan, Indonesia
TRN:Caselle, Turin, Italy
TRS:Ronchi Dei Legionari, Trieste, Italy
TRU:Trujillo, Peru
TRV:Trivandrum, India
TRZ:Civil, Tiruchirapally, India
TSA:Sung Shan, Taipei, Taiwan
TSR:Timisoara, Romania
TSS:East 34Th Street Heliport, New York, NY, USA
TSV:Townsville, Queensland, Australia
TTE:Babullah, Ternate, Indonesia
TTJ:Tottori, Japan
TTN:Mercer County, Trenton, NJ, USA
TUC:Benjamin Matienzo, Tucuman, Argentina
TUF:St Symphorien, Tours, France
TUL:Tulsa International, Oklahoma, USA
TUN:Carthage, Tunis, Tunisia
TUO:Taupo, New Zealand
TUP:Cd Lemons Municipal, Tupelo, MS, USA
TUS:Tucson International, Arizona, USA
TVC:Cherry Capital, Traverse City, MI, USA
TVF:Thief River Falls Municipal, MN, USA
TVL:Lake Tahoe, South Lake Tahoe, CA, USA
TWB:Toowoomba, Queensland, Australia
TWF:Twin Falls, ID, USA
TXK:Texarkana Municipal, AR, USA
TXL:Tegel, Berlin, Germany
TXN:Tunxi, China
TYF:Torsby, Wermland, Sweden
TYN:Taiyuan, China
TYO:All Airports around Tokyo, Japan
TYR:Pounds Field, Tyler, TX, USA
TYS:Knoxville McGhee Tyson, Tennessee, USA
TZA:Belize Municipal, Belize
TZN:Congo Town, South Andros, Bahamas
TZX:Trabzon, Turkey
UAK:Narssarssuaq, Greenland
UAQ:San Juan, Argentina
UBJ:Ube, Japan
UCA:Utica/Oneida County, New York, USA
UDJ:Uzhgorod, Ukraine
UDR:Udaipur, India
UEL:Quelimane, Mozambique
UET:Quetta, Pakistan
UGC:Urgench, Uzbekistan
UIB:Quibdo, Colombia
UIN:Baldwin Field, Quincy, IL, USA
UIO:Mariscal, Quito, Ecuador
UIP:Pluguffan, Quimper, France
ULN:Ulan Bator, Mongolia
ULY:Ulyanovsk, Russia
UME:Umea-Alvik, Sweden
UMR:Woomera, South Australia, Australia
UNT:Unst Shetland Islands, Scotland, United Kingdom
UPG:Hasanudin, Ujung Pandang, Indonesia
UPN:Uruapan, Michoacan, Mexico
URC:Urumqi, China
URO:Rouen, France
URT:Surat Thani, Thailand
USH:Ushuaia, Tierra Del Fuego, Argentina
USM:Koh Samui, Thailand
USN:Ulsan, South Korea
UTH:Udon Thani, Thailand
UTN:Upington Municipal, South Africa
UUD:Ulan-Ude, Russia
UVF:Hewanorra, St Lucia, Saint Lucia
VAA:Vaasa, Finland
VAR:Varna, Bulgaria
VAS:Sivas, Turkey
VBY:Visby, Gotland, Sweden
VCE:Marco Polo, Venice, Italy
VCT:Victoria, TX, USA
VDA:Ovda, Israel
VDS:Vadso, Norway
VDZ:Valdez, AK, USA
VER:Las Bajadas / General Heriberto Jara, Veracruz, Mexico
VEY:Vestmannaeyjar, Iceland
VFA:Victoria Falls, Zimbabwe
VGO:Vigo, Spain
VGT:North Air Terminal, Las Vegas, NV, USA
VHM:Vilhelmina, Sweden
VIE:Schwechat, Wien, Austria
VIJ:Virgin Gorda, Virgin Islands (British)
VIS:Visalia, CA, USA
VIT:Vitoria, Spain
VIX:Eureco Sales, Vitoria, Espirito Santo, Brazil
VKO:Vnukovo, Moscow, Russia
VLC:Valencia, Spain
VLD:Valdosta Regional, GA, USA
VLG:Villa Gesell, Buenos Aires, Argentina
VLI:Bauerfield, Port Vila, Vanuatu
VLL:Valladolid, Spain
VLN:Valencia, Venezuela
VNO:Vilnius, Lithuania
VNS:Babatpur, Varanasi, India
VOG:Volgograd, Russia
VPS:Fort Walton Beach, Valparaiso, FL, USA
VRA:Juan Gualberto Gomez, Varadero, Cuba
VRB:Vero Beach Municipal, FL, USA
VRK:Varkaus, Finland
VRN:Verona, Italy
VSA:Carlos R Perez, Villahermosa, Tabasco, Mexico
VSG:Lugansk, Ukraine
VST:Vasteras/Hasslo, Sweden
VTE:Wattay, Vientiane, Laos
VTZ:Vishakhapatnam, India
VUP:Valledupar, Colombia
VVI:Viru Viru International, Santa Cruz, Bolivia
VVO:Vladivostok, Russia
VXO:Vaxjo, Smaland, Sweden
WAS:All Airports around Washington, District of Columbia, USA
WAT:Waterford, Ireland
WAW:Okecie, Warsaw, Poland
WBU:Boulder, CO, USA
WDG:Woodring Municipal, Enid, OK, USA
WDH:Jg Strijdom, Windhoek, Namibia
WGE:Walgett, New South Wales, Australia
WIC:Wick, Scotland, United Kingdom
WIL:Wilson, Nairobi, Kenya
WIN:Winton, Queensland, Australia
WLG:Wellington International, New Zealand
WMH:Mountain Home, AR, USA
WNA:Napakiak, AK, USA
WRL:Worland, WY, USA
WRO:Strachowice, Wroclaw, Poland
XAW:Capreol / Via Rail Service, Ontario, Canada
XAZ:Cambellton, New Brunswick, Canada
XBR:Brockville, Ontario, Canada
XCI:Chambord / Via Rail Service, Quebec, Canada
XCM:Chatham, Ontario, Canada
XDL:Chandler / Via Rail Service, Quebec, Canada
XDM:Drummondville, Quebec, Canada
XDU:Hervey / Via Rail Service, Quebec, Canada
XEE:Lac Edouard / Via Rail Service, Quebec, Canada
XEH:Ladysmith / Via Rail Service, British Columbia, Canada
XEJ:Langford / Via Rail Service, British Columbia, Canada
XEK:Melville / Via Rail Service, Saskatchewan, Canada
XEL:New Carlisle / Via Rail Service, Quebec, Canada
XEM:New Richmond / Via Rail Service, Quebec, Canada
XEY:Newcastle / Via Rail Service, New Brunswick, Canada
XFD:Stratford, Ontario, Canada
XFE:Parent / Via Rail Service, Quebec, Canada
XFG:Perce / Via Rail Service, Quebec, Canada
XFL:Shawinigan / Via Rail Service, Quebec, Canada
XFM:Shawnigan / Via Rail Service, British Columbia, Canada
XFO:Taschereau / Via Rail Service, Quebec, Canada
XFQ:Weymont / Via Rail Service, Quebec, Canada
XFS:Alexandria / Via Rail Service, Ontario, Canada
XFV:Brantford / Via Rail Service, Ontario, Canada
XGJ:Cobourg / Via Rail Service, Ontario, Canada
XGK:Coteau / Via Rail Service, Quebec, Canada
XGY:Grimsby / Via Rail Service, Ontario, Canada
XHM:Georgetown / Via Rail Service, Ontario, Canada
XHS:Chemainus / Via Rail Service, British Columbia, Canada
XIA:Guelph / Via Rail Service, Ontario, Canada
XIB:Ingersoll / Via Rail Service, Ontario, Canada
XID:Maxville / Via Rail Service, Ontario, Canada
XIO:St Marys / Via Rail Service, Ontario, Canada
XIP:Woodstock / Via Rail Service, Ontario, Canada
XIY:Xianyang, Xi An, China
XJL:Joliette / Via Rail Service, Quebec, Canada
XJQ:Jonquiere / Via Rail Service, Quebec, Canada
XLV:Niagara Falls, Ontario, Canada
XLZ:Truro, Nova Scotia, Canada
XMN:Xiamen International, China
XOK:Oakville / Via Rail Service, Ontario, Canada
XPB:Parksville / Via Rail Service, British Columbia, Canada
XPN:Brampton / Via Rail Service, Ontario, Canada
XQP:Quepos, Costa Rica
XQU:Qualicum, British Columbia, Canada
XRY:La Parra, Jerez De La Frontera, Spain
XSC:South Caicos, Turks And Caicos Islands
XTY:Strathroy / Via Rail Service, Ontario, Canada
XVV:Belleville / Via Rail Service, Ontario, Canada
XWY:Wyoming / Via Rail Service, Ontario, Canada
XZB:Casselman / Via Rail Service, Ontario, Canada
XZC:Glencoe / Via Rail Service, Ontario, Canada
YAM:Sault Ste Marie, Ontario, Canada
YAP:Yap, Caroline Islands, Micronesia
YAZ:Tofino, British Columbia, Canada
YBA:Banff, Alberta, Canada
YBC:Baie-Comeau, Quebec, Canada
YBG:Bagotville, Quebec, Canada
YBL:Campbell River, British Columbia, Canada
YBR:Brandon, Manitoba, Canada
YBX:Blanc Sablon, Quebec, Canada
YCA:Courtenay, British Columbia, Canada
YCB:Cambridge Bay, Northwest Territories, Canada
YCC:Cornwall Regional, Ontario, Canada
YCD:Cassidy, Nanaimo, British Columbia, Canada
YCG:Castlegar, British Columbia, Canada
YCM:St Catharines, Ontario, Canada
YCO:Coppermine, Northwest Territories, Canada
YDF:Deer Lake/Corner Brook, Newfoundland, Canada
YDL:Dease Lake, British Columbia, Canada
YDN:Dauphin, Manitoba, Canada
YDQ:Dawson Creek, British Columbia, Canada
YEA:All Airports around Edmonton, Alberta, Canada
YEC:Yechon, South Korea
YEG:Edmonton International, Alberta, Canada
YEL:Elliot Lake, Ontario, Canada
YEV:Inuvik, Northwest Territories, Canada
YEY:Amos, Quebec, Canada
YFB:Iqaluit, Northwest Territories, Canada
YFC:Fredericton, New Brunswick, Canada
YFS:Fort Simpson, Northwest Territories, Canada
YGB:Gillies Bay, British Columbia, Canada
YGK:Kingston, Ontario, Canada
YGP:Gaspe, Quebec, Canada
YGR:Iles-de-la-Madeleine, Quebec, Canada
YGT:Igloolik, Northwest Territories, Canada
YGV:Havre St. Pierre, Quebec, Canada
YGW:Kuujjuarapik, Quebec, Canada
YGX:Gillam, Manitoba, Canada
YHB:Hudson Bay, Saskatchewan, Canada
YHD:Dryden, Ontario, Canada
YHI:Holman Island, Northwest Territories, Canada
YHM:Hamilton Civic, Ontario, Canada
YHN:Hornepayne, Ontario, Canada
YHU:St.-Hubert, Montreal, Quebec, Canada
YHY:Hay River, Northwest Territories, Canada
YHZ:Halifax, Nova Scotia, Canada
YIB:Atikokan, Ontario, Canada
YJA:Jasper, Alberta, Canada
YJT:Stephenville, Newfoundland, Canada
YKA:Kamloops Fulton Field, British Columbia, Canada
YKF:Kitchener, Ontario, Canada
YKL:Schefferville, Quebec, Canada
YKM:Yakima Air Terminal, Yakima, WA, USA
YKQ:Waskaganish, Quebec, Canada
YKS:Yakutsk, Russia
YLD:Chapleau, Ontario, Canada
YLL:Lloydminster, Saskatchewan, Canada
YLQ:La Tuque, La Tuque, Quebec, Canada
YLW:Kelowna Ellison Field, British Columbia, Canada
YMM:Fort McMurray, Alberta, Canada
YMO:Moosonee, Ontario, Canada
YMQ:All Airports around Montreal, Quebec, Canada
YMT:Chibougamau, Quebec, Canada
YMX:Montreal Mirabel International, Quebec, Canada
YMY:Victoria STOLport, Montreal, Quebec, Canada
YNA:Natashquan, Quebec, Canada
YND:Gatineau, Quebec, Canada
YNG:Youngstown, OH, USA
YOJ:Footner Lake Muncpl, High Level, Alberta, Canada
YOO:Oshawa, Ontario, Canada
YOP:Rainbow Lake, Rainbow Lake, Alberta, Canada
YOW:Ottawa McDonald-Cartier International, Ontario, Canada
YPE:Peace River, Alberta, Canada
YPF:Esquimalt, British Columbia, Canada
YPN:Port Menier, Quebec, Canada
YPR:Digby Island, Prince Rupert, British Columbia, Canada
YPW:Powell River, British Columbia, Canada
YPZ:Burns Lake, British Columbia, Canada
YQB:Sainte Foy, Quebec, Canada
YQC:Quaqtaq, Quebec, Canada
YQD:The Pas, Manitoba, Canada
YQG:Windsor, Ontario, Canada
YQH:Watson Lake, Yukon Territory, Canada
YQI:Yarmouth, Nova Scotia, Canada
YQK:Kenora, Ontario, Canada
YQL:Lethbridge, Alberta, Canada
YQM:Moncton Lakeburn Municipal, New Brunswick, Canada
YQQ:Comox Civil Air Terminal, British Columbia, Canada
YQR:Regina, Saskatchewan, Canada
YQT:Thunder Bay, Ontario, Canada
YQU:Grande Prairie, Alberta, Canada
YQX:Gander, Newfoundland, Canada
YQY:Sydney/Glace Bay, Nova Scotia, Canada
YQZ:Quesnel, British Columbia, Canada
YRB:Resolute Bay, Northwest Territories, Canada
YRJ:Roberval, Quebec, Canada
YRL:Red Lake, Ontario, Canada
YRT:Rankin Inlet, Northwest Territories, Canada
YSB:Sudbury, Ontario, Canada
YSF:Stony Rapids, Saskatchewan, Canada
YSH:Smith Falls, Ontario, Canada
YSJ:Saint John Turnbull Field, New Brunswick, Canada
YSL:St. Leonard, New Brunswick, Canada
YSM:Fort Smith, Northwest Territories, Canada
YSN:Salmon Arm, British Columbia, Canada
YSP:Marathon, Ontario, Canada
YTA:Pembroke And Area, Ontario, Canada
YTD:Thicket Portage, Manitoba, Canada
YTH:Thompson, Manitoba, Canada
YTO:All Airports around Toronto, Ontario, Canada
YTS:Timmins, Ontario, Canada
YTZ:Toronto-City Centre, Ontario, Canada
YUL:Montreal Dorval International, Quebec, Canada
YUM:Yuma, AZ, USA
YUY:Rouyn, Quebec, Canada
YVA:Moroni (Hahaya/Iconi)Comoros
YVB:Bonaventure, Quebec, Canada
YVC:La Ronge, La Ronge, Saskatchewan, Canada
YVO:Val-D'or, Quebec, Canada
YVP:Fort Chimo, Kuujjuaq, Quebec, Canada
YVR:Vancouver International, British Columbia, Canada
YVZ:Deer Lake, Ontario, Canada
YWG:Winnipeg, Manitoba, Canada
YWH:Victoria Inner Harbour, Victoria, British Columbia, Canada
YWK:Wabush, Newfoundland, Canada
YWL:Williams Lake, British Columbia, Canada
YWR:White River, Ontario, Canada
YXC:Cranbrook, British Columbia, Canada
YXD:Edmonton Municipal, Alberta, Canada
YXE:Saskatoon, Saskatchewan, Canada
YXH:Medicine Hat, Alberta, Canada
YXJ:Fort St.John, British Columbia, Canada
YXL:Sioux Lookout, Ontario, Canada
YXS:Prince George, British Columbia, Canada
YXT:Terrace, British Columbia, Canada
YXU:London, Ontario, Canada
YXY:Whitehorse, Yukon Territory, Canada
YXZ:Wawa, Ontario, Canada
YYB:North Bay Jack Garland, Ontario, Canada
YYC:Calgary, Alberta, Canada
YYD:Smithers, British Columbia, Canada
YYE:Ft. Nelson, British Columbia, Canada
YYF:Penticton, British Columbia, Canada
YYG:Charlottetown, Prince Edward Island, Canada
YYJ:Victoria, British Columbia, Canada
YYQ:Churchill, Manitoba, Canada
YYR:Goose Bay, Newfoundland, Canada
YYT:St. John's, Newfoundland, Canada
YYU:Kapuskasing, Ontario, Canada
YYY:Mont-Joli, Quebec, Canada
YYZ:Lester B. Pearson Toronto International, Ontario, Canada
YZF:Yellowknife, Northwest Territories, Canada
YZR:Sarnia, Ontario, Canada
YZT:Port Hardy, British Columbia, Canada
YZV:Sept-Iles, Quebec, Canada
ZAG:Zagreb, Croatia (Hrvatska)
ZAH:Zahedan, Iran
ZAL:Pichoy, Valdivia, Chile
ZAM:Zamboanga, Philippines
ZAZ:Zaragoza, Spain
ZBF:Bathurst, New Brunswick, Canada
ZBT:Bus Service, Aarhus, Denmark
ZBV:Vail/Eagle, CO, USA
ZCL:Zacatecas, Mexico
ZCO:Manquehue, Temuco, Chile
ZGI:Gods River, Manitoba, Canada
ZGS:Gethsemani, Quebec, Canada
ZHA:Zhanjiang, China
ZHO:Houston, British Columbia, Canada
ZIH:Ixtapa/Zihuatanejo International, Guerrero, Mexico
ZKG:Kegaska, Quebec, Canada
ZLO:Aeropuerto International, Manzanillo, Colima, Mexico
ZNA:Nanaimo, British Columbia, Canada
ZNE:Newman, Western Australia, Australia
ZNZ:Kisauni, Zanzibar, Tanzania
ZQN:Frankton, Queenstown, New Zealand
ZRF:Rockford, IL, USA
ZRH:Zurich, Switzerland
ZSA:San Salvador, Bahamas
ZTH:Zakinthos, Greece
